month,policy,pr_auc,recall,fraud
2019-07,static,0.9603895723741218,0.9486404833836858,331
2019-07,monthly expanding,0.9603895723741218,0.9486404833836858,331
2019-07,monthly sliding 6m,0.9603895723741218,0.9486404833836858,331
2019-07,drift-triggered,0.9603895723741218,0.9486404833836858,331
2019-07,static GBDT + online FTRL,0.9677620775767939,0.9577039274924471,331
2019-08,static,0.9716835882571687,0.9685863874345549,382
2019-08,monthly expanding,0.9815170806340967,0.9685863874345549,382
2019-08,monthly sliding 6m,0.9815170806340967,0.9685863874345549,382
2019-08,drift-triggered,0.9716835882571687,0.9685863874345549,382
2019-08,static GBDT + online FTRL,0.9849540358027649,0.9764397905759162,382
2019-09,static,0.9572492259478913,0.8421052631578947,418
2019-09,monthly expanding,0.9624321054770638,0.8397129186602871,418
2019-09,monthly sliding 6m,0.9624321054770638,0.8397129186602871,418
2019-09,drift-triggered,0.9572492259478913,0.8421052631578947,418
2019-09,static GBDT + online FTRL,0.9689367527582495,0.8421052631578947,418
2019-10,static,0.9896979490059041,0.7577092511013216,454
2019-10,monthly expanding,0.9941487361583172,0.7577092511013216,454
2019-10,monthly sliding 6m,0.9929001132198255,0.7577092511013216,454
2019-10,drift-triggered,0.9896979490059041,0.7577092511013216,454
2019-10,static GBDT + online FTRL,0.996051291401823,0.7577092511013216,454
2019-11,static,0.9727871990409516,0.8917525773195877,388
2019-11,monthly expanding,0.9845629478444667,0.8969072164948454,388
2019-11,monthly sliding 6m,0.9800902144389745,0.8994845360824743,388
2019-11,drift-triggered,0.9727871990409516,0.8917525773195877,388
2019-11,static GBDT + online FTRL,0.9820719412477495,0.8994845360824743,388
2019-12,static,0.9698321165667377,0.9543918918918919,592
2019-12,monthly expanding,0.9849987733601481,0.9746621621621622,592
2019-12,monthly sliding 6m,0.9798784014916974,0.9695945945945946,592
2019-12,drift-triggered,0.9698321165667377,0.9543918918918919,592
2019-12,static GBDT + online FTRL,0.987177088948982,0.9746621621621622,592
2020-01,static,0.9803316886659585,0.7638483965014577,343
2020-01,monthly expanding,0.9933839843184195,0.7638483965014577,343
2020-01,monthly sliding 6m,0.9891300616641874,0.7638483965014577,343
2020-01,drift-triggered,0.9933839843184195,0.7638483965014577,343
2020-01,static GBDT + online FTRL,0.9937338019362678,0.7638483965014577,343
2020-02,static,0.9847728352276636,0.7113095238095238,336
2020-02,monthly expanding,0.9957177078559643,0.7113095238095238,336
2020-02,monthly sliding 6m,0.992494794437695,0.7113095238095238,336
2020-02,drift-triggered,0.9960886639492605,0.7113095238095238,336
2020-02,static GBDT + online FTRL,0.9953338084343412,0.7113095238095238,336
2020-03,static,0.9868777506592719,0.8220720720720721,444
2020-03,monthly expanding,0.9937646868219995,0.8220720720720721,444
2020-03,monthly sliding 6m,0.9898611257258505,0.8220720720720721,444
2020-03,drift-triggered,0.9937645629307587,0.8220720720720721,444
2020-03,static GBDT + online FTRL,0.9966674085981257,0.8220720720720721,444
2020-04,static,0.9772147849712977,0.9635761589403974,302
2020-04,monthly expanding,0.9885347079511031,0.9701986754966887,302
2020-04,monthly sliding 6m,0.9834272277713777,0.9635761589403974,302
2020-04,drift-triggered,0.9890441687286694,0.9701986754966887,302
2020-04,static GBDT + online FTRL,0.9910436078341835,0.9801324503311258,302
2020-05,static,0.9884091356558548,0.7039848197343453,527
2020-05,monthly expanding,0.9977866846244261,0.7058823529411765,527
2020-05,monthly sliding 6m,0.9952336112974994,0.7058823529411765,527
2020-05,drift-triggered,0.9964134588648096,0.7058823529411765,527
2020-05,static GBDT + online FTRL,0.9988534466107856,0.7058823529411765,527
2020-06,static,0.9729944747547342,0.9164882226980728,467
2020-06,monthly expanding,0.9901284718622743,0.9293361884368309,467
2020-06,monthly sliding 6m,0.9827777050679939,0.9250535331905781,467
2020-06,drift-triggered,0.986136821090254,0.9293361884368309,467
2020-06,static GBDT + online FTRL,0.9882553149285817,0.9357601713062098,467
2020-07,static,0.9490474930599997,0.9345794392523364,321
2020-07,monthly expanding,0.9830261270475362,0.9781931464174455,321
2020-07,monthly sliding 6m,0.9690666609420042,0.9532710280373832,321
2020-07,drift-triggered,0.9760087369641643,0.9688473520249221,321
2020-07,static GBDT + online FTRL,0.9881554210290655,0.9875389408099688,321
2020-08,static,0.9744339117306402,0.9518072289156626,415
2020-08,monthly expanding,0.992473514937632,0.980722891566265,415
2020-08,monthly sliding 6m,0.9833384205634986,0.9686746987951808,415
2020-08,drift-triggered,0.992473514937632,0.980722891566265,415
2020-08,static GBDT + online FTRL,0.99306518532843,0.983132530120482,415
2020-09,static,0.9758926178966914,0.9382352941176471,340
2020-09,monthly expanding,0.9943711482255734,0.9705882352941176,340
2020-09,monthly sliding 6m,0.9901779983883405,0.961764705882353,340
2020-09,drift-triggered,0.9935970626839137,0.9735294117647059,340
2020-09,static GBDT + online FTRL,0.9932512240209997,0.9735294117647059,340
2020-10,static,0.9789175099490921,0.8854166666666666,384
2020-10,monthly expanding,0.9952543746913739,0.8984375,384
2020-10,monthly sliding 6m,0.9897258734218299,0.8932291666666666,384
2020-10,drift-triggered,0.9943772012740831,0.8958333333333334,384
2020-10,static GBDT + online FTRL,0.9944245856189273,0.8984375,384
2020-11,static,0.9785404601931952,0.9761904761904762,294
2020-11,monthly expanding,0.9934206763818985,0.9931972789115646,294
2020-11,monthly sliding 6m,0.990788921022081,0.9863945578231292,294
2020-11,drift-triggered,0.9936173606553396,0.9863945578231292,294
2020-11,static GBDT + online FTRL,0.9905608380846013,0.9897959183673469,294
2020-12,static,0.950781907471011,0.9573643410852714,258
2020-12,monthly expanding,0.9948403152609846,0.9961240310077519,258
2020-12,monthly sliding 6m,0.9889185348548281,0.9961240310077519,258
2020-12,drift-triggered,0.9948403152609846,0.9961240310077519,258
2020-12,static GBDT + online FTRL,0.9945835124750841,0.9961240310077519,258
